the,1164
to,692
of,593
a,549
and,528
in,432
that,332
,283
is,257
for,244
it,194
are,177
on,165
as,153
they,150
but,147
more,131
be,131
their,120
with,118
have,115
people,113
you,112
at,108
or,107
by,102
from,93
was,93
not,93
than,86
i,81
its,81
this,80
has,79
an,78
who,77
if,75
about,74
can,72
we,72
will,70
said,70
when,67
new,66
most,64
one,62
some,62
were,62
time,57
many,54
up,51
work,50
would,47
he,47
what,46
there,44
so,44
which,44
food,44
like,43
she,42
only,42
while,42
your,42
my,41
our,41
all,40
how,40
other,39
even,38
years,37
out,37
internet,36
says,36
her,35
less,35
two,35
no,34
into,34
just,34
been,34
get,34
much,34
where,34
them,33
do,33
world,33
make,33
students,32
us,32
now,31
over,31
also,30
dont,30
had,30
these,30
year,29
may,29
water,29
good,28
job,28
those,27
found,27
health,27
because,26
still,26
first,25
way,25
online,25
think,25
men,25
research,25
after,25
women,25
too,25
take,24
could,24
report,24
life,23
better,23
should,23
study,23
age,22
money,22
well,22
every,22
british,22
back,21
likely,21
university,20
might,20
between,20
such,20
s,20
public,20
researchers,20
alcohol,20
keep,19
me,19
use,19
any,19
then,19
pay,19
being,18
school,18
his,18
problems,18
things,18
need,17
see,17
change,17
last,16
want,16
few,16
among,16
say,16
come,16
paper,16
something,16
often,16
recent,16
long,16
company,16
number,16
sleep,16
writing,15
children,15
find,15
percent,15
actually,15
did,15
according,15
disease,15
ways,15
before,15
same,15
each,15
power,15
human,15
business,15
doesnt,14
thats,14
go,14
fact,14
schools,14
lot,14
teachers,14
down,14
become,14
market,14
since,14
however,14
cancer,14
billion,14
growth,14
theyre,14
family,14
example,14
past,13
without,13
help,13
learning,13
around,13
doing,13
ago,13
cities,13
best,13
several,13
care,13
months,13
global,13
whether,13
positive,13
different,13
decades,13
film,13
aging,13
yet,12
know,12
thing,12
young,12
very,12
difficult,12
far,12
used,12
course,12
themselves,12
both,12
matter,12
bad,12
believe,12
never,12
why,12
times,12
rather,12
consumers,12
cant,12
higher,12
economic,12
digital,12
addiction,12
true,12
continue,12
kodak,12
week,11
american,11
survey,11
must,11
using,11
day,11
someone,11
turn,11
person,11
does,11
important,11
living,11
average,11
dr,11
longer,11
second,11
hours,11
put,11
problem,11
feel,11
green,11
ones,11
studies,11
student,11
white,11
making,11
high,11
places,11
hard,10
trying,10
tell,10
probably,10
theres,10
quality,10
although,10
end,10
instead,10
black,10
least,10
brain,10
teach,10
professor,10
companies,10
arent,10
sell,10
risk,10
sense,10
impact,10
five,10
customers,10
sales,10
idea,10
population,10
energy,10
countries,10
away,10
hair,10
center,10
makes,10
went,10
industry,10
ships,10
large,10
small,10
working,10
junk,10
olympic,10
own,9
asked,9
going,9
enough,9
trend,9
seem,9
book,9
result,9
simply,9
left,9
right,9
didnt,9
college,9
off,9
bottled,9
next,9
restaurants,9
seen,9
focus,9
society,9
poor,9
foods,9
home,9
early,9
store,9
four,9
three,9
effect,9
local,9
future,9
real,9
show,9
leave,9
information,9
made,9
im,9
stay,9
against,9
education,9
night,9
control,9
data,9
rich,9
history,9
products,9
letter,9
bike,9
toilet,9
spend,8
almost,8
support,8
thinking,8
woman,8
today,8
city,8
class,8
tap,8
include,8
attention,8
improve,8
perhaps,8
healthy,8
once,8
him,8
already,8
group,8
death,8
done,8
getting,8
warming,8
isnt,8
restrictions,8
increasingly,8
pledge,8
cetvcom,8
youre,8
dishes,8
environment,8
computer,8
culture,8
lives,8
ability,8
later,8
authors,8
climate,8
try,8
hour,8
seems,8
spending,8
choose,8
kodaks,8
half,8
sunscreen,8
values,8
pressure,7
spent,7
across,7
little,7
giving,7
experience,7
close,7
country,7
conducted,7
run,7
existing,7
parking,7
ive,7
create,7
available,7
product,7
another,7
love,7
called,7
diners,7
turning,7
eat,7
special,7
point,7
particularly,7
compared,7
regularly,7
place,7
happy,7
easier,7
retailers,7
negative,7
during,7
great,7
technology,7
remain,7
program,7
trouble,7
really,7
privacy,7
system,7
numbers,7
shows,7
patterns,7
area,7
kind,7
excessive,7
month,7
based,7
wrote,7
professional,7
failed,7
participants,7
million,7
clear,7
reduce,7
hong,7
ingredients,7
news,7
traditional,7
means,7
uk,7
always,7
value,7
buying,7
overall,7
screening,7
costs,7
suggests,7
regulations,7
decision,7
rise,7
growing,7
big,7
house,7
feed,7
teaching,7
tipping,7
robots,7
urban,7
despite,6
stories,6
live,6
came,6
starting,6
space,6
easy,6
looks,6
give,6
classroom,6
systems,6
teacher,6
thought,6
die,6
learn,6
words,6
near,6
move,6
until,6
able,6
answer,6
terms,6
leading,6
expensive,6
comes,6
prices,6
weight,6
apply,6
concerned,6
possible,6
face,6
skin,6
drink,6
earlier,6
happen,6
service,6
rest,6
major,6
per,6
double,6
personal,6
cut,6
potential,6
americans,6
ask,6
sustainable,6
designers,6
set,6
aware,6
consumer,6
shop,6
peoples,6
changes,6
california,6
throughout,6
team,6
wasnt,6
realized,6
interest,6
look,6
loss,6
others,6
nothing,6
everything,6
fall,6
cause,6
built,6
including,6
race,6
increased,6
social,6
cultural,6
kong,6
remaining,6
save,6
markets,6
full,6
body,6
parents,6
highly,6
task,6
summer,6
break,6
part,6
top,6
jobs,6
access,6
price,6
though,6
photography,6
itself,6
late,6
library,6
hope,6
romantic,6
families,6
taken,6
citi,6
bikeshare,6
rules,6
productive,6
childcare,6
titanic,6
memory,6
competition,5
losing,5
offered,5
grow,5
step,5
dl,5
reduced,5
results,5
understand,5
respondents,5
paying,5
evidence,5
harder,5
wont,5
mind,5
share,5
free,5
materials,5
watch,5
start,5
through,5
stop,5
ever,5
scientist,5
nature,5
gender,5
took,5
deal,5
issues,5
desire,5
science,5
worth,5
brands,5
view,5
eating,5
exercise,5
line,5
further,5
nights,5
blood,5
excellent,5
maintain,5
physical,5
state,5
twice,5
doctor,5
doctors,5
tend,5
friend,5
having,5
greater,5
shoppers,5
anyone,5
decide,5
specific,5
common,5
spaces,5
hand,5
experiences,5
crisis,5
st,5
avoid,5
worlds,5
everyone,5
government,5
disaster,5
development,5
debate,5
criminal,5
everywhere,5
key,5
security,5
design,5
organic,5
cotton,5
finding,5
popular,5
scientists,5
relatively,5
testing,5
regions,5
bills,5
serious,5
relationships,5
nearly,5
days,5
losses,5
behavior,5
psychological,5
wellbeing,5
employers,5
patients,5
known,5
june,5
devices,5
boxes,5
force,5
experts,5
older,5
worse,5
members,5
careers,5
findings,5
trends,5
action,5
old,5
chef,5
tomes,5
cuisine,5
looking,5
restaurant,5
tamlyn,5
sugar,5
adapt,5
staff,5
offer,5
got,5
clock,5
raise,5
worked,5
within,5
hightech,5
features,5
safety,5
decisions,5
economy,5
land,5
skills,5
labor,5
elderly,5
necessary,5
cancers,5
under,5
policy,5
assume,5
limit,5
display,5
protection,5
ultimately,5
fully,5
lower,5
role,5
tax,5
buffett,5
planning,5
solar,5
states,5
osullivan,5
list,5
bikes,5
decline,5
workforce,5
melanomas,5
sun,5
laws,5
americas,5
hate,5
africa,5
brains,5
pounds,5
midlife,5
middle,5
daffner,5
contest,4
writer,4
created,4
win,4
again,4
grade,4
weeks,4
told,4
myself,4
experienced,4
conflicts,4
quickly,4
staying,4
certainly,4
room,4
experiment,4
instruction,4
begun,4
form,4
larger,4
private,4
programs,4
reading,4
generally,4
primarily,4
rate,4
expected,4
paid,4
practice,4
cannot,4
habits,4
write,4
calls,4
begin,4
youve,4
shape,4
began,4
started,4
fight,4
womens,4
york,4
recently,4
worry,4
concerns,4
war,4
north,4
america,4
daily,4
kept,4
century,4
similarly,4
cheaper,4
regardless,4
changing,4
shift,4
healthier,4
types,4
matters,4
achieve,4
challenges,4
natural,4
term,4
risks,4
affect,4
cost,4
customer,4
manager,4
friends,4
complaints,4
due,4
resulting,4
lines,4
shopping,4
empty,4
simple,4
wrong,4
dramatic,4
observed,4
truth,4
solution,4
technological,4
increase,4
present,4
usage,4
allowed,4
policies,4
hit,4
website,4
question,4
track,4
tests,4
january,4
uses,4
agents,4
los,4
angeles,4
buy,4
efforts,4
lived,4
differences,4
similar,4
samples,4
park,4
salt,4
showed,4
knew,4
outside,4
signs,4
discuss,4
plans,4
reported,4
activity,4
following,4
parts,4
check,4
fast,4
modern,4
levels,4
case,4
thoughts,4
feelings,4
fail,4
contrast,4
randomly,4
roommate,4
success,4
roommates,4
together,4
housing,4
process,4
led,4
rates,4
deeply,4
meet,4
increasing,4
improvement,4
cooking,4
familiar,4
britain,4
produce,4
generation,4
wouldnt,4
presented,4
asks,4
bring,4
individual,4
order,4
sign,4
quick,4
turnover,4
charter,4
san,4
francisco,4
level,4
six,4
especially,4
currently,4
corporation,4
measures,4
obesity,4
applied,4
consumption,4
density,4
prohibiting,4
cash,4
ban,4
portion,4
downfall,4
anticipated,4
businesses,4
fuji,4
photo,4
archives,4
career,4
community,4
coming,4
resources,4
educated,4
bill,4
income,4
remember,4
amount,4
humans,4
married,4
individuals,4
expect,4
effects,4
governments,4
workers,4
skilled,4
significant,4
prevent,4
math,4
fathers,4
yields,4
crops,4
areas,4
needed,4
unskilled,4
younger,4
creativity,4
wallet,4
m,4
tasks,4
happier,4
penalties,4
centers,4
pretty,4
certain,4
robot,4
african,4
sasaki,4
millennial,4
ship,4
fbi,4
intern,4
chat,3
activities,3
yearold,3
rebecca,3
story,3
previous,3
telling,3
merely,3
taking,3
lesson,3
animals,3
putting,3
universities,3
offering,3
distance,3
popularity,3
havent,3
heard,3
entirely,3
basis,3
claim,3
usually,3
schedules,3
websites,3
email,3
obvious,3
courses,3
effort,3
third,3
keeping,3
reasons,3
creative,3
critical,3
single,3
english,3
raw,3
minutes,3
flow,3
closer,3
final,3
practices,3
talk,3
field,3
dominated,3
interesting,3
earning,3
issue,3
eventually,3
female,3
political,3
imagine,3
scientific,3
given,3
canada,3
france,3
consumed,3
journal,3
difference,3
considered,3
england,3
stores,3
notice,3
placing,3
sold,3
wish,3
medical,3
involved,3
drinks,3
sleeps,3
ill,3
wellness,3
ideal,3
concept,3
male,3
statistics,3
nine,3
importantly,3
seeing,3
gullotta,3
diseases,3
man,3
saw,3
anything,3
finally,3
treatment,3
cured,3
aged,3
approach,3
cartmill,3
commonly,3
regular,3
treat,3
highquality,3
owner,3
retail,3
alert,3
relatives,3
hear,3
lose,3
shelves,3
items,3
checkout,3
peak,3
hired,3
hiring,3
questions,3
whore,3
maybe,3
argue,3
fairly,3
total,3
gas,3
low,3
societies,3
poverty,3
emissions,3
driving,3
consider,3
aggressive,3
moral,3
engineering,3
solve,3
read,3
reveal,3
cases,3
saying,3
slipping,3
hands,3
fashion,3
nonprofit,3
fabrics,3
labels,3
comparable,3
whose,3
fewer,3
determine,3
roughly,3
chemical,3
diet,3
supplies,3
rain,3
heavier,3
along,3
collected,3
shops,3
recovered,3
gave,3
moved,3
stayed,3
toebe,3
wake,3
dating,3
sites,3
household,3
whole,3
apart,3
depression,3
id,3
felt,3
subject,3
scores,3
therere,3
goals,3
adults,3
suffered,3
feeling,3
harvard,3
lists,3
meals,3
offers,3
games,3
gaming,3
heidrich,3
gained,3
expense,3
message,3
failing,3
mortgage,3
interested,3
phone,3
record,3
withstand,3
box,3
india,3
ocean,3
detected,3
discovery,3
australian,3
david,3
recorder,3
crashes,3
position,3
panels,3
deep,3
succeed,3
opposite,3
written,3
werent,3
forms,3
realistic,3
call,3
assigned,3
lead,3
reports,3
engage,3
academic,3
interracial,3
penn,3
surprised,3
applying,3
ra,3
added,3
provided,3
deaths,3
nations,3
general,3
methods,3
leaders,3
international,3
press,3
stressed,3
alfies,3
head,3
presentation,3
bringing,3
meats,3
brought,3
couldnt,3
star,3
chefs,3
open,3
tastes,3
pawn,3
extremely,3
birds,3
hill,3
yorkshire,3
pudding,3
town,3
various,3
designed,3
largely,3
pursue,3
abandoned,3
biggest,3
management,3
wanted,3
fat,3
chances,3
niece,3
wealthy,3
theyve,3
complicated,3
achievement,3
factories,3
fulltime,3
knowledge,3
classes,3
seemed,3
caused,3
media,3
manufacturers,3
faster,3
innovation,3
slow,3
offerings,3
couple,3
strategy,3
mobile,3
zero,3
creates,3
moving,3
ahead,3
employment,3
motivated,3
rises,3
routinely,3
remove,3
groups,3
factors,3
benefit,3
rational,3
therefore,3
note,3
choices,3
successfully,3
leads,3
promising,3
comers,3
calories,3
displays,3
facilities,3
easily,3
taxing,3
revolution,3
attribute,3
japanese,3
libraries,3
programme,3
worst,3
enjoy,3
received,3
premier,3
gardens,3
homes,3
technologies,3
mostly,3
serve,3
grid,3
relationship,3
tried,3
strong,3
pressures,3
marriages,3
divorce,3
factor,3
longterm,3
amusing,3
couples,3
unlike,3
provide,3
counterparts,3
option,3
either,3
crooks,3
shown,3
conditions,3
meant,3
stayathome,3
unfortunately,3
decade,3
else,3
returning,3
agriculture,3
vast,3
rice,3
wheat,3
soyabeans,3
granted,3
thanks,3
safe,3
reduces,3
sunburn,3
reducing,3
welleducated,3
gap,3
retirement,3
responsible,3
computers,3
changed,3
russians,3
above,3
office,3
organize,3
completed,3
taskbased,3
crime,3
unable,3
forget,3
daycare,3
hire,3
pangs,3
distraction,3
administrative,3
taxation,3
waiters,3
tips,3
russell,3
figure,3
quite,3
roads,3
infrastructure,3
hayflick,3
sleeping,3
slept,3
hemispheres,3
beeps,3
precisely,3
estate,3
affecting,3
millennials,3
realestate,3
tissue,3
luxurious,3
purpose,3
barth,3
explain,3
teachable,3
tutors,3
britannic,3
forgetting,3
missing,3
kapsalis,3
reality,2
child,2
wants,2
short,2
enter,2
won,2
slip,2
reputation,2
strange,2
replied,2
angel,2
girl,2
turned,2
kids,2
accept,2
daughters,2
follow,2
measure,2
phoenix,2
largest,2
instructors,2
send,2
communication,2
eliminated,2
promised,2
net,2
figures,2
indicate,2
commitment,2
division,2
clearly,2
perspective,2
ambitious,2
require,2
servers,2
networks,2
classrooms,2
maintaining,2
lots,2
variety,2
distinction,2
helped,2
employ,2
finished,2
criticize,2
fly,2
th,2
correct,2
capture,2
fleeting,2
tool,2
objective,2
ideas,2
let,2
screen,2
persuaded,2
side,2
staring,2
current,2
constantly,2
bother,2
viewed,2
politics,2
sometimes,2
argument,2
versus,2
instantly,2
sentence,2
curing,2
terrible,2
theory,2
satisfaction,2
visual,2
physics,2
experiments,2
driven,2
talking,2
iceberg,2
harvested,2
title,2
master,2
italy,2
noting,2
taste,2
purity,2
spring,2
wine,2
whereas,2
article,2
street,2
table,2
listing,2
menu,2
appear,2
cultivated,2
longing,2
lost,2
shifting,2
preventing,2
behaviors,2
smoking,2
failure,2
feels,2
beers,2
drive,2
counts,2
medicine,2
pays,2
bodys,2
needs,2
condition,2
active,2
related,2
limitations,2
strive,2
strikes,2
beneficial,2
smoke,2
strike,2
visit,2
spread,2
cars,2
believes,2
preventive,2
checkups,2
strain,2
complain,2
coworkers,2
verde,2
president,2
replacement,2
unhappy,2
disastrous,2
salespeople,2
solved,2
police,2
flag,2
direct,2
guidance,2
avoided,2
relieve,2
responsive,2
friendly,2
smooth,2
complaining,2
environmental,2
commitments,2
inconvenient,2
projected,2
greenhouse,2
richer,2
unless,2
elses,2
modest,2
adopt,2
freedom,2
electricity,2
breaking,2
someday,2
permission,2
credit,2
card,2
purchases,2
happened,2
spouse,2
marketing,2
boss,2
equivalent,2
boundaries,2
reconstruct,2
secret,2
apparently,2
bothers,2
tiny,2
movements,2
loyalty,2
economist,2
protect,2
organized,2
inspired,2
hahn,2
virtually,2
stopped,2
participation,2
fee,2
dozen,2
aimed,2
helping,2
farmers,2
supply,2
material,2
sure,2
finds,2
shes,2
combined,2
strand,2
unidentified,2
method,2
measuring,2
geologist,2
utah,2
vary,2
slightly,2
hydrogen,2
oxygen,2
isotopes,2
proportion,2
map,2
accurately,2
movement,2
possibilities,2
test,2
western,2
unusual,2
carla,2
laptop,2
leaving,2
bed,2
falling,2
herself,2
addicted,2
alone,2
concern,2
web,2
grows,2
published,2
cns,2
spectrums,2
largescale,2
seriously,2
involvement,2
goldberg,2
bishop,2
communities,2
encouraging,2
stanford,2
offline,2
escape,2
blame,2
checking,2
limited,2
defined,2
orzack,2
u,2
users,2
symptoms,2
excitement,2
depressed,2
lying,2
eyes,2
skipping,2
struggle,2
draw,2
warcraft,2
posters,2
andrew,2
plays,2
father,2
constant,2
visits,2
posted,2
accomplish,2
抵押贷款,2
boyfriend,2
normally,2
planes,2
identifying,2
french,2
huge,2
passengers,2
warren,2
developed,2
basic,2
device,2
original,2
federal,2
voice,2
surrounded,2
air,2
selfhelp,2
advocate,2
wood,2
lee,2
perunovic,2
citing,2
showing,2
feedback,2
psychologist,2
funding,2
measured,2
selfesteem,2
bell,2
am,2
forced,2
significantly,2
techniques,2
compel,2
freshman,2
kao,2
stereotypes,2
occurred,2
forming,2
explained,2
organization,2
annan,2
former,2
united,2
released,2
raising,2
release,2
affected,2
pielke,2
amid,2
populations,2
harm,2
partners,2
december,2
describing,2
occurring,2
neil,2
period,2
preparation,2
smith,2
oliver,2
dish,2
knows,2
imported,2
compete,2
capitals,2
visitor,2
opening,2
executive,2
chai,2
lamb,2
custard,2
cream,2
improving,2
pieces,2
explains,2
source,2
authentic,2
interpretation,2
alongside,2
dinner,2
arrive,2
resolutions,2
fallen,2
memberships,2
quitsmoking,2
fix,2
resort,2
fitness,2
combination,2
advice,2
continues,2
chocolate,2
echoed,2
elementary,2
threw,2
willing,2
district,2
fourth,2
door,2
berkeley,2
demands,2
intense,2
continual,2
reform,2
devotion,2
challenge,2
facing,2
surrounding,2
bluecollar,2
noon,2
factory,2
oclock,2
morning,2
vacation,2
jam,2
stressful,2
options,2
valuable,2
exhausted,2
underwriters,2
laboratories,2
radio,2
waves,2
uneasy,2
communicate,2
rely,2
contract,2
smartphone,2
latest,2
shouldnt,2
hunters,2
promotions,2
turns,2
mean,2
looked,2
headlines,2
screened,2
percentage,2
benefits,2
routine,2
reaction,2
extra,2
considering,2
misguided,2
anyway,2
heres,2
suggestion,2
rand,2
displayed,2
肥胖症,2
consciously,2
rationally,2
providing,2
immoderate,2
references,2
licenses,2
handed,2
unplanned,2
allotted,2
分配,2
cues,2
stimulates,2
outlets,2
sale,2
rule,2
registers,2
stations,2
drivethrough,2
supermarkets,2
wares,2
restricting,2
sizes,2
deals,2
warning,2
file,2
bankruptcy,2
破产,2
sad,2
unexpected,2
pioneered,2
complacency,2
自满,2
explanation,2
acknowledge,2
lengths,2
reinvent,2
overtake,2
invented,2
camera,2
fateful,2
chose,2
shelf,2
blind,2
henderson,2
execute,2
confront,2
mistake,2
firm,2
switching,2
temptation,2
assets,2
inevitable,2
corporate,2
rooted,2
successes,2
clean,2
embrace,2
stuck,2
liability,2
commanded,2
photographic,2
cameras,2
undermined,2
official,2
olympics,2
miscalculation,2
bid,2
exploited,2
sponsorship,2
permanent,2
foothold,2
marketplace,2
detroit,2
institution,2
spl,2
busy,2
project,2
patrons,2
return,2
dreams,2
plan,2
michigan,2
afford,2
books,2
dad,2
here,2
billionaires,2
wellknown,2
gates,2
encourage,2
circles,2
hold,2
annually,2
china,2
expectations,2
wealth,2
zeh,2
grand,2
inside,2
heat,2
winter,2
savings,2
residents,2
building,2
whats,2
views,2
absence,2
emotions,2
partner,2
tells,2
argues,2
worldwide,2
exciting,2
cohen,2
profound,2
lack,2
institutions,2
eye,2
picture,2
virtual,2
aim,2
beyond,2
vs,2
coauthor,2
optimistic,2
monthly,2
earnings,2
below,2
wife,2
name,2
legal,2
nowhere,2
prevented,2
era,2
continuing,2
poll,2
grew,2
blue,2
riders,2
gotham,2
ben,2
employee,2
dannys,2
cycles,2
biking,2
traffic,2
rental,2
european,2
noted,2
improvements,2
documented,2
events,2
reason,2
opportunities,2
unions,2
adjustments,2
bureaucratic,2
官僚的,2
standard,2
confusing,2
foreign,2
documents,2
moves,2
behind,2
talked,2
sharp,2
relative,2
corn,2
continued,2
harmful,2
red,2
exposure,2
remembering,2
increases,2
lessskilled,2
divide,2
advance,2
consequences,2
observers,2
rising,2
expectancy,2
generous,2
comfortable,2
risen,2
reap,2
necessarily,2
essential,2
happens,2
minor,2
bar,2
scale,2
cuttingedge,2
equipped,2
silver,2
becoming,2
holidays,2
halfhour,2
permanently,2
mornings,2
hitting,2
treating,2
cup,2
usual,2
phenomenon,2
sets,2
northern,2
clocktimers,2
mix,2
timers,2
requires,2
convicted,2
impose,2
postconviction,2
imposed,2
persons,2
except,2
recognize,2
infant,2
somewhat,2
expenses,2
flat,2
carefully,2
regulated,2
infants,2
averaged,2
south,2
alex,2
panic,2
claims,2
danger,2
computing,2
pang,2
allows,2
productivity,2
computeraided,2
drawing,2
meetings,2
retain,2
actual,2
educational,2
majority,2
art,2
tobacco,2
subjects,2
taxed,2
writes,2
humanity,2
tip,2
sophisticated,2
oven,2
programmed,2
microwave,2
nobody,2
lagos,2
subsaharan,2
africans,2
investment,2
bridges,2
light,2
investors,2
consuming,2
revenue,2
projects,2
heart,2
develop,2
understanding,2
damage,2
agerelated,2
lifespan,2
unfamiliar,2
firstnight,2
dolphins,2
department,2
timed,2
tone,2
irregular,2
suburbs,2
successful,2
model,2
competitive,2
writers,2
optimism,2
alternatives,2
mintel,2
strength,2
softness,2
thickness,2
followed,2
recycled,2
barbara,2
hagerty,2
reimagined,2
middleaged,2
running,2
tutor,2
pupils,2
siblings,2
watching,2
workplace,2
equality,2
ages,2
spite,2
mental,2
greener,2
baseline,2
definitely,2
naval,2
sank,2
hospital,2
dementia,2
movie,2
medications,2
darwin,2
smithsonian,2
stolen,2
document,2
videogames,1
television,1
shortage,1
mindless,1
occupied,1
daughter,1
leisure,1
winning,1
contests,1
receive,1
rejection,1
publisher,1
victories,1
parent,1
scars,1
dashed,1
hopes,1
surface,1
revelation,1
启示,1
correcting,1
spontaneously,1
自发地,1
guiding,1
hall,1
suggestions,1
characters,1
endings,1
tales,1
fearful,1
guided,1
tale,1
wild,1
imagination,1
music,1
realizing,1
farm,1
tools,1
angels,1
coopting,1
借用,1
stepping,1
steps,1
reminding,1
voices,1
boom,1
internetbased,1
doubt,1
grants,1
degrees,1
enrolls,1
statistic,1
kinds,1
differ,1
signifies,1
post,1
syllabi,1
课程大纲,1
assignment,1
assignments,1
speaking,1
facetoface,1
instructor,1
minimized,1
altogether,1
attraction,1
convenience,1
pajamas,1
睡衣,1
dropout,1
freshmen,1
weaknesses,1
inherent,1
setup,1
ecornell,1
cornell,1
saved,1
investments,1
collaborative,1
software,1
minimally,1
upgraded,1
升级,1
enroll,1
campus,1
saves,1
lights,1
doorkeepers,1
introduced,1
processes,1
tremendously,1
parallel,1
possibly,1
greatest,1
barrier,1
encounter,1
listening,1
grammar,1
稍纵即逝的,1
learned,1
edit,1
elbow,1
nonstop,1
stopping,1
criticizing,1
goal,1
flowing,1
shadows,1
captured,1
notepad,1
sit,1
quietly,1
blankly,1
pages,1
deadline,1
draws,1
blank,1
filling,1
halfway,1
rework,1
forth,1
truthfully,1
origin,1
universe,1
spacetime,1
holes,1
studying,1
astrophysics,1
phd,1
mit,1
postdoctor,1
achievementjobs,1
papers,1
awardswas,1
lens,1
性别,1
failures,1
pushed,1
相对于,1
nurture,1
培育,1
fiercely,1
behalf,1
womankind,1
mouth,1
reply,1
provocations,1
anymore,1
confidence,1
realize,1
sexism,1
burden,1
sociology,1
barnard,1
manage,1
dismiss,1
heavily,1
pregnant,1
image,1
sight,1
reaching,1
peaks,1
icebergs,1
coast,1
newfoundland,1
arthur,1
von,1
wiesenberger,1
carries,1
critics,1
boy,1
switzerland,1
liked,1
dog,1
plain,1
yorks,1
municipal,1
champagne,1
magazine,1
thames,1
river,1
tasted,1
nevertheless,1
softdrink,1
battleground,1
sharethis,1
pepsicos,1
aquafina,1
cocacolas,1
dasani,1
purified,1
thirst,1
bottlers,1
restaurateurs,1
salivate,1
垂涎,1
profits,1
typical,1
markup,1
fancier,1
shameless,1
tactics,1
attractive,1
bottles,1
pouring,1
asking,1
taps,1
diseaseespecially,1
unhealthy,1
pursued,1
nutritious,1
有营养的,1
ok,1
exercises,1
occasionally,1
goes,1
outstanding,1
worker,1
drunk,1
chest,1
pains,1
abnormal,1
tired,1
particular,1
traditionally,1
distinguished,1
specialists,1
actively,1
striving,1
nutrition,1
monitoring,1
responsibility,1
handicap,1
缺陷,1
resist,1
focusing,1
congratulations,1
survivor,1
aids,1
assuming,1
australia,1
thistypically,1
overswhen,1
ma,1
delayed,1
smokers,1
cough,1
died,1
lung,1
detection,1
prolonged,1
invincible,1
不可战胜的gullotta,1
drops,1
dead,1
golf,1
geez,1
ostrich,1
scared,1
ross,1
serviced,1
bodies,1
addressed,1
inevitably,1
purse,1
prevention,1
besides,1
ultimate,1
premature,1
preached宣扬,1
seldom,1
strangersand,1
listen,1
managers,1
t,1
frequent,1
competitors,1
jointly,1
wharton,1
storytelling,1
hurts,1
entertains,1
paula,1
courtney,1
loses,1
shopper,1
dissatisfied,1
reviews,1
snowball,1
purchased,1
clothing,1
encountered,1
ranked,1
grocery,1
electronics,1
filled,1
cluttered,1
塞满了的,1
overloaded,1
racks,1
outofstock,1
rude,1
moonlighting,1
attendants,1
wavers,1
climinated,1
circle,1
endlessly,1
confrontation,1
eyeing,1
headaches,1
redesigning,1
layouts,1
prestocking,1
speedy,1
cashiers,1
representatives,1
diplomatic,1
polite,1
angry,1
stephen,1
hoch,1
greeter,1
entrance,1
filing,1
retailer,1
hardpressed,1
nation,1
solemnsounding,1
meaningful,1
gore,1
recognizing,1
path,1
breakthroughs,1
billon,1
te,1
emissionsmainlycowill,1
econmic,1
condemn,1
freeze,1
standards,1
rigid,1
limits,1
travelthat,1
politicians,1
kyoto,1
protoco京都议定书it,1
joined,1
punish,1
hasnt,1
co,1
emissionsup,1
signatories签,1
字国,1
tough,1
targets,1
practical,1
codusion,1
dependence,1
fossil,1
fuels,1
dealing,1
proble,1
helpless,1
siranger,1
scan,1
visitedor,1
casually,1
glance,1
cell,1
phonebills,1
preferences,1
calling,1
cop,1
whoever,1
intended,1
caught,1
naked,1
psychologists,1
yourself,1
lovers,1
stages,1
appropriate,1
bread,1
crumbs碎屑,1
strangers,1
google,1
search,1
opinion,1
polls,1
overwhelming,1
pessimism,1
fraction,1
preserve,1
discount,1
tollbooths收费站,1
ezpass,1
automobile,1
supermarket,1
cards,1
lessandro,1
acauisti,1
series,1
surrender,1
socail,1
pitiful,1
centsoff,1
coupon优惠卷,1
gone,1
youd,1
futurefashion,1
exemplified,1
yorkbased,1
earth,1
pledges,1
undertake,1
scott,1
cofounder,1
gregory,1
rogan,1
loomstate,1
allorganic,1
replace,1
nonorganic,1
indistinguishable,1
woven,1
dress,1
synthetics,1
stretch,1
nylon,1
ecofriendly,1
equivalents,1
switch,1
influential,1
trade,1
charging,1
entrepreneurs,1
企业家,1
attend,1
springtime,1
recognition,1
collections,1
walmart,1
announce,1
initiative,1
transitional,1
过渡型的,1
thus,1
expand,1
mainstream,1
occur,1
analysts,1
分析师,1
fl,1
ecofashion,1
exists,1
natalie,1
hormilla,1
unconverted,1
owned,1
clothes,1
hunt,1
cute,1
stuff,1
admission,1
butthanks,1
suppliersone,1
devised,1
缕,1
technique,1
suspects,1
murder,1
victims,1
relies,1
variations,1
drinking,1
recorded,1
thure,1
ceiling,1
identical,1
weather,1
composition,1
rainfall,1
clouds,1
atoms,1
stable,1
traces,1
elements,1
同位素,1
heaviest,1
falls,1
storms,1
pacific,1
deliver,1
exist,1
construct,1
geographic,1
timeline,1
inch,1
corresponds,1
cerlings,1
constructed,1
regional,1
checked,1
accuracy,1
barber,1
broad,1
corresponding,1
pinpointing,1
精确定位,1
ceding,1
eliminating,1
todd,1
detective,1
skeleton,1
lake,1
feet,1
tall,1
bones,1
tshirt,1
strands,1
northwest,1
somewhere,1
eastern,1
oregon,1
wyoming,1
substantial,1
narrows,1
shed,1
instantmessaging,1
brief,1
intervals,1
piled,1
dirty,1
laundry,1
nearconstant,1
detaching,1
使脱离,1
toebes,1
conclusion,1
articles,1
journals,1
establishment,1
pennsylvania,1
overusers,1
generated,1
consensus,1
constitutes,1
reliance,1
claimed,1
psychiatric,1
association,1
edition,1
diagnostic,1
manual,1
discussion,1
boards,1
popped,1
tied,1
overdoing,1
psychiatrist,1
精神科医生,1
ivan,1
disorder,1
jonathan,1
researcher,1
wales,1
specializing,1
skeptical,1
describes,1
priorities,1
prioritize,1
nationwide,1
telephone,1
researchersabout,1
attempted,1
conceal,1
nonessential,1
preoccupied,1
infancy,1
elias,1
aboujaoude,1
rooms,1
blogs,1
porn,1
色情,1
gambling,1
maressa,1
clinics,1
established,1
heavy,1
recovery,1
orzacks,1
幸福,1
neglect,1
irritable,1
inability,1
listed,1
dry,1
backaches,1
hygiene,1
卫生,1
disturbances,1
mood,1
disorders,1
discusses,1
belonging,1
fun,1
reliefbecause,1
relaxed,1
gamers,1
countless,1
competing,1
game,1
cited,1
network,1
administrator,1
sacramento,1
playing,1
fullscale,1
intervention,1
干预,1
hed,1
sucks,1
remind,1
site,1
overuse,1
august,1
yahoo,1
selfemployed,1
workto,1
sent,1
groupi,1
insurance,1
promise,1
goinghow,1
traveling,1
airplane,1
functioning,1
comic,1
booktheyre,1
sky,1
yemeni,1
airliner,1
comoros,1
islands,1
bet,1
submarine,1
潜水艇,1
homing,1
signal,1
marked,1
toward,1
determining,1
tragedy,1
killed,1
flightmemory,1
altitude,1
direction,1
mode,1
became,1
requirement,1
commercial,1
flights,1
models,1
completely,1
redesigned,1
rear,1
plane,1
landing,1
wells,1
起落架舱,1
aviation,1
authority,1
required,1
painted,1
orange,1
yellow,1
aid,1
visibility,1
airplanes,1
tracks,1
pilots,1
conversationsand,1
flightdata,1
monitors,1
fuel,1
engine,1
noises,1
operating,1
functions,1
investigators,1
aircrafts,1
moments,1
placed,1
insulated,1
隔绝的,1
quarterinchthick,1
stainless,1
steel,1
massive,1
temperatures,1
submerged,1
emit,1
signals,1
depths,1
ft,1
flight,1
crashed,1
brazil,1
approximately,1
deepsea,1
norman,1
vincent,1
peale,1
positively,1
highlight,1
studys,1
joanne,1
john,1
waterloo,1
elaine,1
brunswick,1
overly,1
dim,1
einstein,1
underlining,1
faults,1
joel,1
cooper,1
princeton,1
essays,1
opposing,1
disabled,1
essayists,1
praised,1
sympathy,1
seconds,1
rang,1
supposed,1
lovable,1
selfaffirmation,1
moods,1
darker,1
urged,1
provides,1
newer,1
psychotherapy,1
心理治疗,1
urge,1
fighting,1
meditation,1
静思,1
shortcomings,1
随机地,1
tolerance,1
likelihood,1
可能性,1
conflict,1
lodging,1
decrease,1
prejudice,1
ethnically,1
diverse,1
friendships,1
ohio,1
caued,1
sam,1
roakyethe,1
floorsaid,1
whites,1
prove,1
pairing,1
residences,1
strained,1
indiana,1
semester,1
grace,1
exceptions,1
throws,1
undergraduate,1
assembly,1
chairman,1
alec,1
webley,1
definition,1
integration,1
broken,1
reinforced,1
resident,1
advisor,1
conficts,1
multicultureal,1
acceptance,1
melding,1
融合,1
jarring,1
confrontations,1
cautions,1
generalizations,1
background,1
characteristics,1
causing,1
humanitarian,1
forum,1
kofi,1
secretary,1
friday,1
analyzed,1
humaninfluenced,1
illnesses,1
malnutrition,1
营养不良,1
heatrelated,1
drew,1
criticism,1
questioned,1
conclusions,1
roger,1
jr,1
colorado,1
boulder,1
forums,1
methodological,1
embarrassment,1
distinguish,1
vulnerable,1
易受伤害的,1
requiring,1
utmost,1
disasters,1
flawed,1
有瑕疵的,1
soren,1
anderasen,1
dalberg,1
supervised,1
defended,1
copenhagen,1
negotiate,1
treaty,1
mr,1
negotiations,1
vulnerability,1
hazards,1
curbing,1
heattrapping,1
gases,1
cuisine烹饪,1
chefs厨师,1
combine,1
lunch,1
kongs,1
smartest,1
kee,1
noticeable,1
appealing,1
delia,1
nigel,1
slater,1
jamie,1
gordon,1
ramsay,1
realise,1
boring,1
extremes,1
heston,1
blumenthals,1
molecular,1
gastronomy,1
employs,1
perfect,1
embarrassed,1
plenty,1
traced,1
britains,1
german,1
uboats,1
attacking,1
rations配给,1
rationing,1
picked,1
massproduce,1
kitchens,1
beautiful,1
whatever,1
prioritisation,1
quantity,1
prevailed,1
meaning,1
neighbouring,1
belgium,1
spain,1
fashionable,1
london,1
pm,1
culinary烹饪的,1
scene,1
confident,1
please,1
april,1
welsh,1
wan,1
presentations,1
agree,1
embracing,1
modifying,1
recipes菜谱of,1
breathe,1
classics,1
camp,1
select,1
particulary,1
beef,1
zealand,1
custards牛奶蛋糊,1
powder,1
eggs,1
matthew,1
senior,1
twoyearold,1
soho,1
perceptions,1
alter,1
staples主菜,1
essentially,1
unchanged,1
fish,1
chips,1
steak,1
kidney,1
pie,1
roasted,1
newest,1
gentlemens,1
clublike,1
passion,1
provenance原产地,1
proud,1
producing,1
farms,1
beautifully,1
crafted,1
cheeses,1
exporting,1
foodstuffs,1
miles,1
vegetables,1
staples,1
midlevels,1
widest,1
soul,1
gastropub,1
existed,1
locations,1
singaporean,1
tommy,1
teh,1
kum,1
specials,1
blackboard,1
sticking,1
enables,1
reinterpret,1
depending,1
associate,1
peppers,1
stuffed,1
couscous,1
ratatouille,1
customs,1
brutishness,1
shared,1
mixing,1
dished,1
plates,1
carve,1
rotisseries烤肉馆,1
tables,1
sunday,1
chicken,1
shoulder,1
baby,1
pig,1
enjoying,1
traditions,1
sacred神圣的,1
mess,1
breakfast,1
vowed,1
yeareat,1
quit,1
money一have,1
wayside,1
club,1
gyms,1
renew,1
noshows,1
february,1
lisa,1
lahey,1
coaches,1
executives,1
sustain,1
loser,1
ridge,1
fixes,1
schedule,1
caloriesaday,1
teaches,1
clients,1
emotional,1
gain,1
jennifer,1
conlin,1
overweight,1
tara,1
parkerpope,1
fails,1
account,1
dieting,1
translates,1
sobering令人清醒的reality,1
revelation揭示,1
proven,1
weightloss,1
tendency,1
resolve,1
gym,1
cake,1
midnight,1
californiaberkeley,1
alarmingly,1
人员流动,1
slam,1
bright,1
cheerful,1
longed,1
highneeds,1
districts,1
toughest,1
fifthgraders,1
chairs,1
roomand,1
refused,1
conferences,1
indifference,1
abuse,1
switched,1
regarded,1
bay,1
poured,1
nearby,1
obstacles,1
faced,1
worn,1
depleted,1
耗尽,1
sweet,1
needy,1
pleaded,1
principals,1
met,1
impassioned,1
充满激情的,1
theorize,1
extraordinary,1
searches,1
strongest,1
supporters,1
concede,1
disadvantaged,1
unlikely,1
build,1
platform,1
teachersmore,1
responsibilityeven,1
bigger,1
useful,1
yeah,1
hometown,1
graduated,1
transition转变between,1
gets,1
considers,1
uncivilized,1
torture,1
relieved,1
selfconfident,1
overestimate,1
prepare,1
battles,1
machine,1
ran,1
plant,1
whenever,1
absentmindedly,1
backward,1
knowing,1
disappear,1
overnight,1
downsizing裁员and,1
overseas,1
relocation,1
distant,1
unit,1
shut,1
mexico,1
cents,1
shifts,1
lazy,1
rewrites,1
irresponsible,1
publicservice,1
announcements,1
sound,1
stale,1
ring,1
lessons,1
tinged带有with,1
guilt,1
pass,1
briefly,1
hell,1
coworker,1
suffering,1
gadget小器具overload,1
fatigueinformation,1
overload,1
updates,1
issued,1
explanations,1
pace,1
innovation创新is,1
pushing,1
metoo,1
corporate公司的train,1
valued,1
speed,1
sara,1
greenstein,1
chief,1
officer,1
corners,1
sector,1
categories,1
fresh,1
processed,1
wireless,1
thickening,1
cloud,1
towers,1
gadgets,1
surprising,1
inner,1
components,1
assembled,1
manufacturing,1
suppliers,1
unemployment,1
discouraging,1
hoping,1
人员更替,1
resignations,1
terminations解雇,1
retirements,1
yes,1
retiring,1
openings,1
imply,1
distinguishes,1
repeated,1
rejections,1
bureau,1
hadnt,1
classified,1
unemployed,1
fool,1
dramatically,1
tumors,1
vigilant警觉的tracking,1
questioning,1
weigh,1
surgeries,1
slowgrowing,1
pose,1
deeprooted,1
recommended,1
breast,1
riotous,1
advocacy,1
uproot,1
held,1
beliefs,1
prior,1
remainder,1
balanced,1
expectancy预期寿命,1
truly,1
explosion,1
soon,1
swell,1
calculation,1
otis,1
brawley,1
ordering,1
purely,1
cover,1
belief,1
substance,1
patron,1
老主顾,1
multiple,1
roles,1
struggles,1
watched,1
evolve,1
gathering,1
bastion,1
堡垒,1
internship,1
实习生的位置,1
southfield,1
summers,1
sciencefair,1
midterms,1
season,1
mosbys,1
nursing,1
drug,1
reference,1
interpreted,1
collection,1
pursuing,1
responding,1
b,1
worsened,1
plague,1
restocked,1
closed,1
bare,1
tightening,1
wall,1
financial,1
adviser,1
titles,1
suze,1
ormans,1
downturn,1
affects,1
lately,1
thankful,1
overcome,1
philanthropist,1
慈善家,1
rockefeller,1
fortunes,1
charity,1
joining,1
melinda,1
predicts,1
depressions,1
annual,1
lorry,1
lokey,1
donors,1
mother,1
philanthropic,1
dismissing,1
mere,1
publicity,1
predicting,1
flood,1
sentiments,1
情感,1
expressed,1
letters,1
dinners,1
recruit,1
philanthropy,1
pair,1
wealthiest,1
march,1
catches,1
fire,1
cheering,1
agreed,1
declined,1
tycoon,1
大亨,1
pickens,1
stated,1
fan,1
inherited,1
gatais,1
frown,1
topped,1
september,1
squarefoot,1
subdivision,1
zeroenergy,1
eager,1
threebedroom,1
cent,1
edge,1
houses,1
consume,1
halfdozen,1
subdivisions,1
cuts,1
lowpower,1
appliances,1
aside,1
roof,1
conventional,1
windows,1
blocking,1
retaining,1
indoor,1
warmth,1
units,1
generate,1
excess,1
flows,1
utilitys,1
电网,1
billed,1
metering,1
kilowatts,1
千瓦,1
generates,1
sounds,1
hot,1
sunny,1
afternoons,1
rushes,1
conditioner,1
helps,1
expert,1
mike,1
keesee,1
lets,1
costly,1
plants,1
add,1
purchase,1
breaks,1
zehs,1
prohibitively,1
hardware,1
utilities,1
evolutionary,1
roots,1
swayed,1
maureen,1
strengthen,1
pairbond,1
maximise,1
使最大化,1
reproductive,1
ties,1
lifelong,1
promoted,1
prohibition,1
arranged,1
individuality,1
independence,1
conforming,1
遵守,1
dictates,1
societal,1
pairbonds,1
historically,1
shapes,1
sorts,1
associated,1
lovefear,1
disappointment,1
jealousyare,1
consistent,1
cultures,1
attributes,1
suit,1
addition,1
committed,1
funny,1
judge,1
romance,1
transformative,1
developments,1
invention,1
printing,1
telegraph,1
vastly,1
webconnected,1
carry,1
internets,1
tremendous,1
mass,1
adoption,1
transformations,1
periods,1
schmidt,1
examining,1
implications,1
shortcoming,1
weeping,1
authoritative,1
volume,1
date,1
describesand,1
predictshow,1
paint,1
realities,1
core,1
neutral,1
optimist,1
pessimist,1
dichotomy,1
对立观点,1
characterized,1
debates,1
interview,1
aspects,1
dangers,1
lie,1
respect,1
surveillance,1
监视,1
auto,1
autoworker,1
payments,1
takehome,1
autoworkers,1
inclined,1
retired,1
quarter,1
loan,1
homemaker,1
husband,1
violence,1
earned,1
职位相当的人,1
racially,1
restrictive,1
agreements,1
suburban,1
neighborhoods,1
workingclass,1
emerged,1
resolving,1
fault,1
bargaining,1
whichever,1
breakup,1
pain,1
diversity,1
restore,1
imaginary,1
golden,1
yorkers,1
gradually,1
pedaling,1
blazing,1
rolling,1
tribeca,1
w,1
road,1
james,1
ryan,1
gramercy,1
ease,1
famed,1
jams,1
drivers,1
committing,1
rentals,1
franks,1
frank,1
arroyo,1
decreased,1
rolled,1
arroyos,1
main,1
tourists,1
drawn,1
nicer,1
christian,1
farrell,1
waterfront,1
bicycle,1
west,1
christopher,1
initially,1
admitted,1
farrells,1
nyc,1
velo,1
ave,1
implement,1
worried,1
inexperienced,1
awareness,1
non,1
cyclists,1
impacted,1
drop,1
forward,1
measurable,1
additional,1
administration,1
personnel,1
richard,1
arum,1
josipa,1
roksas,1
academically,1
adrift,1
campuses,1
graduates,1
entrylevel,1
lacking,1
simplistically,1
drain,1
underperforming,1
prominent,1
qualified,1
nurses,1
accepted,1
talented,1
services,1
liberation,1
opened,1
gradual,1
schooling,1
dictate,1
introduce,1
adjustment,1
bureaucracies,1
dominate,1
landscape,1
bureaucrats,1
rewrite,1
curriculums,1
nonsense,1
theories,1
administrators,1
peers,1
generations,1
accumulating,1
substancelike,1
foodof,1
filmand,1
企业的,1
endless,1
worklife,1
balance,1
contains,1
hopeful,1
footnote,1
dads,1
ray,1
todays,1
socioeconomic,1
doubled,1
inflated,1
thrust,1
caretaker,1
downsizing,1
stigma,1
supporting,1
shorter,1
birth,1
childbut,1
meanwhile,1
hurt,1
choosing,1
extended,1
parental,1
eyebrows,1
trajectory,1
轨迹,1
higherpaying,1
professions,1
familyfriendly,1
foreseeable,1
presence,1
highpotential,1
riots,1
hunger,1
rarely,1
minnesota,1
mcgill,1
montreal,1
points,1
com,1
大豆,1
slowed,1
worrying,1
slowdown,1
populous,1
人口多的,1
stability,1
selfsufficiency,1
reverse,1
yield,1
problematic,1
accounting,1
grains,1
preferentially,1
focused,1
crop,1
feeding,1
qualifies,1
dig,1
farming,1
organisation,1
argued,1
slowing,1
ploughed,1
revert,1
返回,1
forest,1
wilderness,1
forecast,1
assumes,1
highfactor,1
防晒霜,1
keeps,1
rays,1
黑瘤,1
delays,1
occurrence,1
blond,1
fair,1
periodic,1
effective,1
melanomasthe,1
weaker,1
selected,1
comparing,1
hats,1
sleeves,1
shade,1
protectionnot,1
sunscreenseemed,1
relied,1
reliable,1
reasonable,1
gives,1
false,1
properlyapplying,1
insufficient,1
amounts,1
reapply,1
worryingrecent,1
episodes,1
teenage,1
covering,1
melanoma,1
slipslopslap,1
campaign,1
wave,1
shirt,1
slop,1
抹上,1
slap,1
hat,1
degree,1
highschool,1
certificate,1
deepening,1
welloff,1
rapid,1
raised,1
incomes,1
squeezing,1
astonishing,1
longevity,1
长寿,1
translated,1
slower,1
swelling,1
ranks,1
pensioners,1
budget,1
notion,1
idle,1
misses,1
folk,1
extreme,1
babyboomers,1
二战后生育高峰期出生的美国人,1
dropped,1
partly,1
retire,1
预期寿命,1
definedbenefit,1
pension,1
definedcontribution,1
betteroff,1
sharply,1
rewards,1
preceding,1
reinforce,1
complement,1
knowhow,1
heading,1
extinction,1
daytoday,1
print,1
newspapers,1
shoppingwhere,1
notes,1
count,1
returnnow,1
encounters,1
pint,1
milk,1
corner,1
abstracted,1
storesvictoria,1
beckham,1
dover,1
instanceyou,1
stand,1
register,1
ipads,1
payment,1
relax,1
sofa,1
abstraction,1
oldfashioned,1
bit,1
weird,1
blink,1
眨眼,1
walletthat,1
timehonoured,1
fridaynight,1
pleasing,1
fatnessrepresent,1
economics,1
represents,1
walletthe,1
fastenings,1
wear,1
tear,1
loosen,1
plastic,1
gold,1
handwritten,1
printed,1
cinema,1
ticketsis,1
ipad,1
rounded,1
edges,1
cool,1
glass,1
unknowable,1
pebble,1
鹅卵石,1
digging,1
peering,1
fingers,1
counting,1
coins,1
everybody,1
catchor,1
missvaries,1
sporting,1
daylight,1
vladimir,1
putin,1
shifted,1
october,1
russias,1
correspond,1
eve,1
bedtime,1
hay,1
celebrating,1
longest,1
threeday,1
weekends,1
beat,1
sweden,1
hockey,1
冰球,1
chiefly,1
deprivation,1
剥夺,1
k,1
englanditaly,1
match,1
brits,1
woke,1
barely,1
summertime,1
germans,1
italians,1
richest,1
elect,1
striking,1
healthconscious,1
swings,1
shuteye,1
length,1
workday,1
clocks,1
watches,1
cellphones,1
clockbased,1
hinder,1
morale,1
士气,1
blocks,1
meeting,1
etc,1
tasktimers,1
starts,1
tamar,1
avnet,1
annelaure,1
sellier,1
activitiesfrom,1
holiday,1
yogaby,1
todo,1
performed,1
efficient,1
moment,1
happening,1
seize,1
organizing,1
tends,1
undervalued,1
undersupported,1
smart,1
bake,1
strategies,1
widespread,1
characteristic,1
extent,1
timing,1
performing,1
itll,1
taskdoers,1
martha,1
stewart,1
charged,1
neared,1
prison,1
columnist,1
dues,1
attempt,1
deny,1
anew,1
surely,1
reserved,1
powerful,1
shockingly,1
debt,1
severe,1
punishment,1
seriousness,1
offense,1
circumstances,1
restrict,1
voting,1
licensing,1
qualification,1
exclude,1
participating,1
advocates,1
letting,1
pedophilia恋童癖,1
collateral,1
附随的,1
bear,1
relation,1
possessed,1
drugs,1
licensed,1
nurse,1
counterproductive,1
records,1
backsliding,1
recommendations,1
abolition,1
specifically,1
facts,1
excuse,1
justice,1
crucial,1
segment,1
margins,1
delight,1
sadly,1
enrolling,1
kid,1
rose,1
strips,1
tenth,1
puzzling,1
stood,1
caregivers,1
wages,1
whos,1
lay,1
minute,1
details,1
stricter,1
caregiver,1
economies,1
massachusetts,1
mississippi,1
daycarecenter,1
handy,1
elaborate,1
tradeoff,1
交换,1
cheap,1
accident,1
cheapest,1
addresses,1
cellphone,1
engaged,1
framed,1
thoughtful,1
examination,1
overdose,1
historical,1
overview,1
advances,1
consciousness,1
futurist,1
urges,1
contemplative,1
沉思的,1
interact,1
influenced,1
misconception,1
multitasking,1
switchtasking,1
preinternet,1
ecological,1
生态的,1
fascinating,1
laboroften,1
architects,1
cheapened,1
architect,1
puts,1
architecture,1
foremost,1
solutions,1
kicking,1
habit,1
recommends,1
behaviormodification,1
approaches,1
logs,1
profile,1
knock,1
download,1
locks,1
browser,1
sabbath,1
安息日,1
reporter,1
emergencydepartment,1
youll,1
discover,1
attended,1
faculty,1
elsewhere,1
meetingholders,1
problemsreal,1
imagined,1
colleges,1
educating,1
deepened,1
hirednot,1
meetingshas,1
fixer,1
excellence,1
contrary,1
clearing,1
信息交流中心,1
sham,1
欺诈,1
multiplied,1
proposition,1
response,1
problemsclass,1
attendance,1
happiness,1
wellbeingmight,1
improved,1
cutting,1
mechanisms,1
army,1
replaced,1
waythe,1
curriculum,1
flexible,1
talents,1
additionally,1
rewarded,1
exclusive,1
automatic,1
companions,1
craft,1
talent,1
utterly,1
adam,1
commodities,1
necessaries,1
objects,1
universal,1
centuries,1
sort,1
surging,1
toy,1
taxes,1
preliminary,1
review,1
mexicos,1
untaxed,1
danish,1
fats,1
introduction,1
avoiding,1
crossing,1
border,1
germany,1
satisfy,1
fattier,1
fare,1
firmly,1
opposed,1
nonetheless,1
renewed,1
waistlines,1
demonstrate,1
tasty,1
manufactures,1
beverages,1
reductions,1
achieved,1
alternative,1
ingredient,1
investing,1
undertaking,1
adjust,1
fundamental,1
makeup,1
none,1
content,1
reformulating,1
recipes配方is,1
multisided,1
mixture,1
approachesincluding,1
reformulation,1
adjusting,1
sizeswill,1
bullet,1
perry,1
sells,1
guy,1
favor,1
wage,1
obligation,1
disguised,1
postdinner,1
regarding,1
employees,1
custom,1
otherwise,1
server,1
works,1
persistently,1
voluntary,1
bars,1
protipping,1
crowd,1
logical,1
depend,1
presumably,1
veiling,1
contempt,1
dollar,1
doors,1
bump,1
exceptional,1
passable,1
keen,1
catching,1
folks,1
board,1
ditching,1
outdated,1
upfront,1
beer,1
burger,1
perrys,1
pub,1
drunken,1
artificial,1
intelligenceai,1
becomes,1
threat,1
stuart,1
programmable,1
code,1
translate,1
morals,1
ai,1
language,1
chores,1
pet,1
cat,1
hungry,1
preloaded,1
obviously,1
properly,1
broughtup,1
machines,1
dangerous,1
programmers,1
careless,1
beings,1
sufficient,1
produced,1
taboo禁忌,1
situation,1
unsure,1
animal,1
suitable,1
opportunity,1
beeps嘟嘟声,1
directions,1
decisionwe,1
somebody,1
programming,1
deciding,1
exactly,1
ethical,1
indisputable,1
triple,1
slums,1
贫民窟,1
migrants,1
countryside,1
immediate,1
urbanising,1
liveable,1
upgrades,1
capacity,1
cope,1
expanding,1
exception,1
rail,1
metro,1
addis,1
ababa,1
ethiopia,1
unpredictability,1
agricultural,1
industrialisation,1
surplus,1
pool,1
labour,1
concentrated,1
minority,1
cronyish,1
有裙带关系的,1
broadly,1
unproductive,1
oil,1
dollars,1
rent,1
apartment,1
accountable,1
favour,1
citys,1
silly,1
biological,1
treatable,1
vitamin,1
deficiency,1
biophysicist,1
zhavoronkov,1
incentives,1
treatments,1
unties,1
pharmaceutical,1
制药的industry,1
interventions,1
takes,1
range,1
recognized,1
attract,1
curable,1
accumulates,1
cure,1
repair,1
leonard,1
implies,1
suggest,1
recover,1
stroke,1
separate,1
causes,1
surroundings,1
stays,1
soundly,1
yuka,1
colleagues,1
brown,1
investigate,1
origins,1
evolved,1
puzzle,1
performance,1
predators,1
捕食者,1
wonder,1
studied,1
universitys,1
sciences,1
monitored,1
asleep,1
behaved,1
manner,1
半球,1
curious,1
indeed,1
awake,1
reran,1
presenting,1
蜂鸣声,1
hemisphere,1
guard,1
react,1
stirring,1
ignore,1
urbanizationmigration,1
centerwill,1
urbanization,1
imitate,1
walkability,1
transitoriented,1
smaller,1
copy,1
affordable,1
versions,1
refers,1
refer,1
houston,1
austin,1
charlotte,1
nashville,1
positioning,1
livability,1
recreational,1
千禧一代,1
apartments,1
appeal,1
haunted,1
homeowning,1
disagree,1
footsteps,1
transit,1
electric,1
communications,1
installed,1
invest,1
impacts,1
globally,1
highlighted,1
portrays,1
borne,1
upcycle,1
seventyfour,1
surveyed,1
expectation,1
profitability,1
promote,1
bubble,1
downplay,1
outcome,1
pennypinching,1
discounters,1
aldi,1
lidl,1
luxury,1
wiped,1
soft,1
shrunk,1
furthermore,1
rosy,1
subsequent,1
households,1
fell,1
roll,1
paperincluding,1
facial,1
kitchen,1
rollto,1
indicators,1
preferring,1
flower,1
perfume,1
analyst,1
jack,1
duckett,1
deemed,1
unnecessary,1
reflects,1
typically,1
fussyin,1
leastwhen,1
britons,1
buyers,1
rank,1
rolls,1
considerations,1
highlighting,1
consideration,1
phrase,1
completes,1
stage,1
journey,1
youth,1
vanishing,1
prospects,1
narrowing,1
approaching,1
cliche套话,1
pilot,1
bulk,1
pause,1
gears,1
terrifying,1
rebirth,1
routines,1
autopilot,1
happinesshaving,1
alzheimers,1
priority,1
recede,1
逐渐淡化,1
paints,1
gloomy,1
phase,1
decisionmaking,1
identity,1
formed,1
chance,1
foundation,1
secure,1
karl,1
described,1
sowing,1
leap,1
venture,1
haste,1
truer,1
energetic,1
presidential,1
candidates,1
narrative,1
structure,1
beginning,1
descent,1
pointthe,1
advantage,1
thousands,1
roman,1
philosopher,1
seneca,1
ancient,1
wisdom,1
uptodate,1
documenting,1
fruitful,1
designing,1
innovative,1
recall,1
effectively,1
score,1
sake,1
firstborn,1
intelligent,1
laterborn,1
兄弟姐妹,1
iqs,1
educators,1
experimenting,1
undergraduates,1
instruct,1
topic,1
agenta,1
computerized,1
character,1
learns,1
tries,1
mistakes,1
realworld,1
pupil,1
animated,1
动画的,1
bettys,1
taught,1
hundreds,1
betty,1
preparing,1
identify,1
enhances,1
agent,1
facilitate,1
upset,1
derive,1
pride,1
accomplishment,1
batch,1
womenmembers,1
socalled,1
千禧的,1
generationhas,1
entering,1
mothers,1
grandmothers,1
beenor,1
roadblocks,1
sees,1
discriminated,1
flexibility,1
importance,1
wider,1
tradeoffs,1
motherhood,1
pew,1
oct,1
gains,1
attainment,1
mans,1
worldjust,1
longlasting,1
suggested,1
sustained,1
shortterm,1
boost,1
mathew,1
exeter,1
displaying,1
anxiety,1
promotion,1
lottery,1
彩票,1
winners,1
lasting,1
disappeared,1
panel,1
compiled,1
essex,1
explaining,1
revealed,1
sensible,1
communicated,1
establishing,1
link,1
officials,1
funds,1
stateoftheart,1
先进的,1
harland,1
wolff,1
makers,1
ireland,1
included,1
flagship,1
marvels,1
sea,1
cursed,1
suffer,1
fates,1
launched,1
lastly,1
decks,1
decided,1
stretching,1
meters,1
wonders,1
accidents,1
seas,1
wrecked,1
survive,1
sink,1
famously,1
mine,1
subsequently,1
coalpowered,1
boilers,1
crews,1
deck,1
recognizable,1
designs,1
stacks,1
stack,1
artistic,1
served,1
functional,1
hulls,1
船体,1
believed,1
unsinkable,1
mistaken,1
titanics,1
britannics,1
tragic,1
troop,1
transport,1
ending,1
liners,1
scary,1
痴呆症,1
slips,1
neednt,1
names,1
kirk,1
brigham,1
boston,1
shrink,1
cells,1
vessels,1
narrow,1
actor,1
favorite,1
plot,1
concerning,1
entire,1
operate,1
object,1
visited,1
confusion,1
temporary,1
stoppage,1
breathing,1
药物,1
antidepressants,1
defense,1
cognitive,1
认知的,1
reserve,1
movies,1
hobbies,1
novel,1
physically,1
booster,1
charles,1
returned,1
档案馆,1
mids,1
effie,1
insitution,1
实习生,1
word,1
purposes,1
passed,1
located,1
washington,1
dc,1
charges,1
ended,1
closely,1
smithsonians,1
property,1
thank,1
ferdinand,1
vandeveer,1
hayden,1
sending,1
copies,1
geology,1
region,1
yellowstone,1
national,1
trained,1
museum,1
luckily,1
unfold,1
glue,1
colored,1
repaired,1
photos,1
thief,1
steal,1
archiving,1
greatly,1
